<dependencies><dependency><groupId>com.google.android.gms</groupId><artifactId>play-services-games</artifactId><version>9+</version><packageIds>extra-google-m2repository</packageIds></dependency><dependency><groupId>com.google.android.gms</groupId><artifactId>play-services-nearby</artifactId><version>9+</version><packageIds>extra-google-m2repository</packageIds></dependency><dependency><groupId>com.google.android.gms</groupId><artifactId>play-services-auth</artifactId><version>9+</version><packageIds>extra-google-m2repository</packageIds></dependency><dependency><groupId>com.android.support</groupId><artifactId>support-v4</artifactId><version>23.1+</version><packageIds>extra-android-m2repository</packageIds></dependency></dependencies>