<aars><explodeData><aar>Assets/Plugins/Android\play-services-ads-9.6.1.aar</aar><modificationTime>2016-10-18T03:27:37.0000000-02:00</modificationTime><explode>false</explode><bundleId>com.ocarinhaoftime.boomblast</bundleId><path>Assets/Plugins/Android\play-services-ads-9.6.1.aar</path></explodeData><explodeData><aar>Assets/Plugins/Android\play-services-ads-lite-9.6.1.aar</aar><modificationTime>2016-10-18T03:27:37.0000000-02:00</modificationTime><explode>false</explode><bundleId>com.ocarinhaoftime.boomblast</bundleId><path>Assets/Plugins/Android\play-services-ads-lite-9.6.1.aar</path></explodeData><explodeData><aar>Assets/Plugins/Android\play-services-base-9.6.1.aar</aar><modificationTime>2016-10-18T03:27:37.0000000-02:00</modificationTime><explode>false</explode><bundleId>com.ocarinhaoftime.boomblast</bundleId><path>Assets/Plugins/Android\play-services-base-9.6.1.aar</path></explodeData><explodeData><aar>Assets/Plugins/Android\play-services-basement-9.6.1.aar</aar><modificationTime>2016-10-18T03:27:37.0000000-02:00</modificationTime><explode>false</explode><bundleId>com.ocarinhaoftime.boomblast</bundleId><path>Assets/Plugins/Android\play-services-basement-9.6.1.aar</path></explodeData><explodeData><aar>Assets/Plugins/Android\play-services-clearcut-9.6.1.aar</aar><modificationTime>2016-10-18T03:27:37.0000000-02:00</modificationTime><explode>false</explode><bundleId>com.ocarinhaoftime.boomblast</bundleId><path>Assets/Plugins/Android\play-services-clearcut-9.6.1.aar</path></explodeData><explodeData><aar>Assets/Plugins/Android\play-services-gass-9.6.1.aar</aar><modificationTime>2016-10-18T03:27:37.0000000-02:00</modificationTime><explode>false</explode><bundleId>com.ocarinhaoftime.boomblast</bundleId><path>Assets/Plugins/Android\play-services-gass-9.6.1.aar</path></explodeData><explodeData><aar>Assets/Plugins/Android\play-services-tasks-9.6.1.aar</aar><modificationTime>2016-10-18T03:27:37.0000000-02:00</modificationTime><explode>false</explode><bundleId>com.ocarinhaoftime.boomblast</bundleId><path>Assets/Plugins/Android\play-services-tasks-9.6.1.aar</path></explodeData><explodeData><aar>Assets/Plugins/Android\support-v4-24.0.0.aar</aar><modificationTime>2016-11-12T16:52:34.0019966-02:00</modificationTime><explode>false</explode><bundleId>com.ocarinhaoftime.boomblast</bundleId><path>Assets/Plugins/Android\support-v4-24.0.0.aar</path></explodeData><explodeData><aar>Assets/Plugins/Android\play-services-auth-9.6.1.aar</aar><modificationTime>2016-10-18T03:27:37.0000000-02:00</modificationTime><explode>false</explode><bundleId>com.ocarinhaoftime.boomblast</bundleId><path>Assets/Plugins/Android\play-services-auth-9.6.1.aar</path></explodeData><explodeData><aar>Assets/Plugins/Android\play-services-auth-base-9.6.1.aar</aar><modificationTime>2016-10-18T03:27:37.0000000-02:00</modificationTime><explode>false</explode><bundleId>com.ocarinhaoftime.boomblast</bundleId><path>Assets/Plugins/Android\play-services-auth-base-9.6.1.aar</path></explodeData><explodeData><aar>Assets/Plugins/Android\play-services-drive-9.6.1.aar</aar><modificationTime>2016-10-18T03:27:37.0000000-02:00</modificationTime><explode>false</explode><bundleId>com.ocarinhaoftime.boomblast</bundleId><path>Assets/Plugins/Android\play-services-drive-9.6.1.aar</path></explodeData><explodeData><aar>Assets/Plugins/Android\play-services-games-9.6.1.aar</aar><modificationTime>2016-10-18T03:27:37.0000000-02:00</modificationTime><explode>false</explode><bundleId>com.ocarinhaoftime.boomblast</bundleId><path>Assets/Plugins/Android\play-services-games-9.6.1.aar</path></explodeData><explodeData><aar>Assets/Plugins/Android\play-services-nearby-9.6.1.aar</aar><modificationTime>2016-10-18T03:27:37.0000000-02:00</modificationTime><explode>false</explode><bundleId>com.ocarinhaoftime.boomblast</bundleId><path>Assets/Plugins/Android\play-services-nearby-9.6.1.aar</path></explodeData><explodeData><aar>Assets/Plugins/Android\play-services-ads-9.8.0.aar</aar><modificationTime>2016-11-12T16:49:47.3569600-02:00</modificationTime><explode>false</explode><bundleId>com.ocarinhaoftime.boomblast</bundleId><path>Assets/Plugins/Android\play-services-ads-9.8.0.aar</path></explodeData><explodeData><aar>Assets/Plugins/Android\play-services-ads-lite-9.8.0.aar</aar><modificationTime>2016-11-12T16:49:47.7492190-02:00</modificationTime><explode>false</explode><bundleId>com.ocarinhaoftime.boomblast</bundleId><path>Assets/Plugins/Android\play-services-ads-lite-9.8.0.aar</path></explodeData><explodeData><aar>Assets/Plugins/Android\play-services-auth-9.8.0.aar</aar><modificationTime>2016-11-12T16:49:51.5968339-02:00</modificationTime><explode>false</explode><bundleId>com.ocarinhaoftime.boomblast</bundleId><path>Assets/Plugins/Android\play-services-auth-9.8.0.aar</path></explodeData><explodeData><aar>Assets/Plugins/Android\play-services-base-9.8.0.aar</aar><modificationTime>2016-11-12T16:49:52.9402855-02:00</modificationTime><explode>false</explode><bundleId>com.ocarinhaoftime.boomblast</bundleId><path>Assets/Plugins/Android\play-services-base-9.8.0.aar</path></explodeData><explodeData><aar>Assets/Plugins/Android\play-services-basement-9.8.0.aar</aar><modificationTime>2016-11-12T16:49:53.5284461-02:00</modificationTime><explode>false</explode><bundleId>com.ocarinhaoftime.boomblast</bundleId><path>Assets/Plugins/Android\play-services-basement-9.8.0.aar</path></explodeData><explodeData><aar>Assets/Plugins/Android\play-services-clearcut-9.8.0.aar</aar><modificationTime>2016-11-12T16:49:54.6492332-02:00</modificationTime><explode>false</explode><bundleId>com.ocarinhaoftime.boomblast</bundleId><path>Assets/Plugins/Android\play-services-clearcut-9.8.0.aar</path></explodeData><explodeData><aar>Assets/Plugins/Android\play-services-games-9.8.0.aar</aar><modificationTime>2016-11-12T16:49:56.9330191-02:00</modificationTime><explode>false</explode><bundleId>com.ocarinhaoftime.boomblast</bundleId><path>Assets/Plugins/Android\play-services-games-9.8.0.aar</path></explodeData><explodeData><aar>Assets/Plugins/Android\play-services-nearby-9.8.0.aar</aar><modificationTime>2016-11-12T16:50:00.8269203-02:00</modificationTime><explode>false</explode><bundleId>com.ocarinhaoftime.boomblast</bundleId><path>Assets/Plugins/Android\play-services-nearby-9.8.0.aar</path></explodeData><explodeData><aar>Assets/Plugins/Android\play-services-auth-base-9.8.0.aar</aar><modificationTime>2016-11-12T16:49:51.8987960-02:00</modificationTime><explode>false</explode><bundleId>com.ocarinhaoftime.boomblast</bundleId><path>Assets/Plugins/Android\play-services-auth-base-9.8.0.aar</path></explodeData><explodeData><aar>Assets/Plugins/Android\play-services-drive-9.8.0.aar</aar><modificationTime>2016-11-12T16:49:55.4722787-02:00</modificationTime><explode>false</explode><bundleId>com.ocarinhaoftime.boomblast</bundleId><path>Assets/Plugins/Android\play-services-drive-9.8.0.aar</path></explodeData><explodeData><aar>Assets/Plugins/Android\play-services-gass-9.8.0.aar</aar><modificationTime>2016-11-12T16:49:57.1386948-02:00</modificationTime><explode>false</explode><bundleId>com.ocarinhaoftime.boomblast</bundleId><path>Assets/Plugins/Android\play-services-gass-9.8.0.aar</path></explodeData><explodeData><aar>Assets/Plugins/Android\play-services-tasks-9.8.0.aar</aar><modificationTime>2016-11-12T16:50:03.8609859-02:00</modificationTime><explode>false</explode><bundleId>com.ocarinhaoftime.boomblast</bundleId><path>Assets/Plugins/Android\play-services-tasks-9.8.0.aar</path></explodeData></aars>